www.onlyfans.com,onlyfans
www.steam.com,steam
www.playstation.com,play
www.aulavirtual.com,aulaVirtual
www.stackoverflow.com,stackoverflow
www.github.com,github
www.nationalgeographic.com,nationalgeographic
www.wikipedia.org,wikipedia
www.reddit.com,reddit
www.medium.com,medium
www.cnn.com,cnn
www.bbc.com,bbc
www.nytimes.com,nytimes
www.theguardian.com,theguardian
www.netflix.com,netflix
www.disneyplus.com,disneyplus
www.hbo.com,hbo
www.spotify.com,spotify
www.imdb.com,imdb
www.goodreads.com,goodreads
www.rottentomatoes.com,rottentomatoes
www.coursera.org,coursera
www.edx.org,edx
www.khanacademy.org,khanacademy
www.duolingo.com,duolingo
www.lonelyplanet.com,lonelyplanet
www.tripadvisor.com,tripadvisor
www.booking.com,booking
www.airbnb.com,airbnb
www.walmart.com,walmart
www.ebay.com,ebay
www.amazon.com,amazon
www.etsy.com,etsy
www.pinterest.com,pinterest
www.tumblr.com,tumblr
www.ted.com,ted
www.nasa.gov,nasa
www.nfl.com,nfl
www.nba.com,nba
www.fifa.com,fifa
www.foodnetwork.com,foodnetwork
www.allrecipes.com,allrecipes
www.healthline.com,healthline
www.mayoclinic.org,mayoclinic
www.forbes.com,forbes

